Name,Slug,Collection ID,Item ID,Created On,Updated On,Published On,Title,Sub Headline,Post Summary,Video,Thumbnail image,Vimeo ID:,Giphy ID:,Featured?,Category,Client,Link-work,Is this Main Video,GIF
Choose ATL,choose-atl,5e1f288e0a7ad11ca4995610,5e1f288e0a7ad165789956c5,Tue Dec 31 2019 20:11:52 GMT+0000 (Coordinated Universal Time),Sun Jan 12 2020 18:23:33 GMT+0000 (Coordinated Universal Time),Wed Jan 15 2020 15:01:12 GMT+0000 (Coordinated Universal Time),Choose ATL,Dignissimos minima maiores ,Test this in the editor,https://vimeo.com/82160213,https://uploads-ssl.webflow.com/5dea5a47bb83ab492b02cf7a/5e18f305778ad8898b5ed098_giphyATL%20copy.gif,82160213,,false,videos,chooseatl,http://lydafire.webflow.io/work/choose-atl,,https://uploads-ssl.webflow.com/5dea5a47bb83ab492b02cf7a/5e1b6423a7d3a28b3f372625_LF-Teaser-ChooseATL-01.gif
City of Decatur - Corporate Culture,city-of-decatur-corporate-culture,5e1f288e0a7ad11ca4995610,5e1f288e0a7ad112eb9956d9,Sun Jan 12 2020 18:25:51 GMT+0000 (Coordinated Universal Time),Thu Jan 16 2020 17:39:06 GMT+0000 (Coordinated Universal Time),Thu Jan 16 2020 18:04:48 GMT+0000 (Coordinated Universal Time),City of Decatur,Corporate Culture,"Asperiores omnis qui repellat similique atque.
Consequatur praesentium unde ipsa ut.
Voluptatem odit magnam quo nemo.
Mollitia consequatur dignissimos dolore repudiandae.
Repellendus provident hic voluptatem eius et assumenda.
Possimus fuga veniam.
Quia at et accusantium in ipsum explicabo.
Earum en",https://vimeo.com/310222844,https://uploads-ssl.webflow.com/5dea5a47bb83ab492b02cf7a/5e209fb857d90e3a80dd769b_LF-Teaser-DecaturCorpCulture-01.jpg,310222844,,true,videos,city-of-decatur,http://lydafire.webflow.io/work/city-of-decatur-public-works,,https://uploads-ssl.webflow.com/5dea5a47bb83ab492b02cf7a/5e1b64a6a7d3a2aca637274a_LF-Teaser-DecaturCorpCulture-01.gif
City of Decatur - Fire Dept,city-of-decatur-fire-dept,5e1f288e0a7ad11ca4995610,5e1f288e0a7ad1b216995681,Tue Dec 31 2019 15:08:37 GMT+0000 (Coordinated Universal Time),Thu Jan 16 2020 18:02:29 GMT+0000 (Coordinated Universal Time),Thu Jan 16 2020 18:04:48 GMT+0000 (Coordinated Universal Time),City of Decatur,Fire Dept,"Asperiores omnis qui repellat similique atque.
Consequatur praesentium unde ipsa ut.
Voluptatem odit magnam quo nemo.
Mollitia consequatur dignissimos dolore repudiandae.
Repellendus provident hic voluptatem eius et assumenda.
Possimus fuga veniam.
Quia at et accusantium in ipsum explicabo.
Earum en",https://vimeo.com/294047496,https://uploads-ssl.webflow.com/5dea5a47bb83ab492b02cf7a/5e20a519eff69021ce661d56_LF-Teaser-DecaturFire-01.jpg,294047496,,true,videos,city-of-decatur,http://lydafire.webflow.io/work/city-of-decatur-fire-dept,,https://uploads-ssl.webflow.com/5dea5a47bb83ab492b02cf7a/5e1b64e0e402b676c984ef19_LF-Teaser-DecaturFire-01.gif
City of Decatur - Police Dept,city-of-decatur-police-dept,5e1f288e0a7ad11ca4995610,5e1f288e0a7ad168ab995645,Tue Dec 31 2019 15:08:37 GMT+0000 (Coordinated Universal Time),Thu Jan 16 2020 18:03:12 GMT+0000 (Coordinated Universal Time),Thu Jan 16 2020 18:04:48 GMT+0000 (Coordinated Universal Time),City of Decatur,Police Dept,"Amet sed voluptate delectus sed.
Rerum sed perferendis.
Sed corrupti aut sunt adipisci ex illum.
Excepturi ut et sit molestiae rerum et.
Quia labore repellat dolorem eveniet hic ut dolore dignissimos aut.
In molestias quod culpa vitae.
Est illo iusto eum.
Amet qui reiciendis ipsum omnis ad",https://vimeo.com/256686491,https://uploads-ssl.webflow.com/5dea5a47bb83ab492b02cf7a/5e20a55d5ad86c218e1e5562_LF-Teaser-DecaturPolice-01.jpg,256686491,,true,videos,city-of-decatur,http://lydafire.webflow.io/work/city-of-decatur-police-dept,,https://uploads-ssl.webflow.com/5dea5a47bb83ab492b02cf7a/5e1b64ef693459532eaf7921_LF-Teaser-DecaturPolice-01.gif
City of Decatur - Public Works,city-of-decatur-public-works,5e1f288e0a7ad11ca4995610,5e1f288e0a7ad1975c9956a0,Tue Dec 31 2019 19:29:03 GMT+0000 (Coordinated Universal Time),Thu Jan 16 2020 18:01:16 GMT+0000 (Coordinated Universal Time),Thu Jan 16 2020 18:04:48 GMT+0000 (Coordinated Universal Time),City of Decatur,Public Works,"Asperiores omnis qui repellat similique atque.
Consequatur praesentium unde ipsa ut.
Voluptatem odit magnam quo nemo.
Mollitia consequatur dignissimos dolore repudiandae.
Repellendus provident hic voluptatem eius et assumenda.
Possimus fuga veniam.
Quia at et accusantium in ipsum explicabo.
Earum en",https://vimeo.com/310222844,https://uploads-ssl.webflow.com/5dea5a47bb83ab492b02cf7a/5e20a4eaeff6907165661c91_LF-Teaser-DecaturPublicWks-01.jpg,310222844,,true,videos,city-of-decatur,http://lydafire.webflow.io/work/city-of-decatur-public-works,,https://uploads-ssl.webflow.com/5dea5a47bb83ab492b02cf7a/5e1b64cd4b6c0841357bc5c8_LF-Teaser-DecaturPublicWks-01.gif
Fortress Walls - A Backyard Lifestyle,fortress-walls-a-backyard-lifestyle,5e1f288e0a7ad11ca4995610,5e1f288e0a7ad186259956cb,Tue Dec 31 2019 20:18:29 GMT+0000 (Coordinated Universal Time),Thu Jan 16 2020 17:39:17 GMT+0000 (Coordinated Universal Time),Wed Jan 15 2020 15:01:12 GMT+0000 (Coordinated Universal Time),Fortress Walls,A Backyard Lifestyle,Minus reiciendis quia tempora totam nostrum dignissimos ne,https://vimeo.com/82155354,https://uploads-ssl.webflow.com/5dea5a47bb83ab492b02cf7a/5e0ba6a4ab84684442629b7e_image%2020.jpg,82155354,,false,presentations,fortress-walls,http://lydafire.webflow.io/work/fortress-walls-a-backyard-lifestyle,,https://uploads-ssl.webflow.com/5dea5a47bb83ab492b02cf7a/5e17060584798020b7d3a8ee_giphy1.gif
Fortress Walls - Hardscapes,fortress-walls-hardscapes,5e1f288e0a7ad11ca4995610,5e1f288e0a7ad170819956ca,Tue Dec 31 2019 20:17:52 GMT+0000 (Coordinated Universal Time),Thu Jan 16 2020 17:39:21 GMT+0000 (Coordinated Universal Time),Wed Jan 15 2020 15:01:12 GMT+0000 (Coordinated Universal Time),Fortress Walls,Hardscapes,Minus reiciendis quia tempora totam nostrum dignissimos ne,https://vimeo.com/82155355,https://uploads-ssl.webflow.com/5dea5a47bb83ab492b02cf7a/5e0ba66eab8468eff2629a0f_image%2019.jpg,82155355,,false,presentations,fortress-walls,http://lydafire.webflow.io/work/fortress-walls-hardscapes,,https://uploads-ssl.webflow.com/5dea5a47bb83ab492b02cf7a/5e17060584798020b7d3a8ee_giphy1.gif
Greenlight - Pretty In Green,greenlight-pretty-in-green,5e1f288e0a7ad11ca4995610,5e1f288e0a7ad190ce99566d,Tue Dec 31 2019 15:08:37 GMT+0000 (Coordinated Universal Time),Thu Jan 16 2020 18:11:50 GMT+0000 (Coordinated Universal Time),Thu Jan 16 2020 18:11:54 GMT+0000 (Coordinated Universal Time),Greenlight,Pretty In Green,"Deserunt veniam dolorem.
Provident facilis ab doloremque voluptates dolorum eum dolorem sit.
Dolor ea esse voluptate.
Quam corporis possimus est e",https://vimeo.com/269701508,https://uploads-ssl.webflow.com/5dea5a47bb83ab492b02cf7a/5e20a589ef29bce007fb9399_LF-Teaser-Greenlight-01.jpg,269701508,,true,videos,greenlight,http://lydafire.webflow.io/work/greenlight-pretty-in-green,,https://uploads-ssl.webflow.com/5dea5a47bb83ab492b02cf7a/5e1b6518db4d52c624fb9870_LF-Teaser-Greenlight-01.gif
LeakSmart - Intelligent Water Security,leaksmart-intelligent-water-security,5e1f288e0a7ad11ca4995610,5e1f288e0a7ad13eff99569f,Tue Dec 31 2019 19:28:12 GMT+0000 (Coordinated Universal Time),Thu Jan 16 2020 18:01:33 GMT+0000 (Coordinated Universal Time),Thu Jan 16 2020 18:04:48 GMT+0000 (Coordinated Universal Time),LeakSmart ,Intelligent Water Security,"Asperiores omnis qui repellat similique atque.
Consequatur praesentium unde ipsa ut.
Voluptatem odit magnam quo nemo.
Mollitia consequatur dignissimos dolore repudiandae.
Repellendus provident hic voluptatem eius et assumenda.
Possimus fuga veniam.
Quia at et accusantium in ipsum explicabo.
Earum en",https://vimeo.com/349119376,https://uploads-ssl.webflow.com/5dea5a47bb83ab492b02cf7a/5e20a4fc57d90ee12bdd9e61_LF-Teaser-Leaksmart-01.jpg,349119376,,true,videos,leaksmart,http://lydafire.webflow.io/work/leaksmart-intelligent-water-security,true,https://uploads-ssl.webflow.com/5dea5a47bb83ab492b02cf7a/5e1b652b4b6c083f357bc74f_LF-Teaser-Leaksmart-01.gif
Lyda Fire - Corey,lyda-fire-corey,5e1f288e0a7ad11ca4995610,5e1f288e0a7ad100019956a2,Tue Dec 31 2019 19:30:15 GMT+0000 (Coordinated Universal Time),Thu Jan 16 2020 18:00:12 GMT+0000 (Coordinated Universal Time),Wed Jan 15 2020 15:01:12 GMT+0000 (Coordinated Universal Time),Lyda Fire,Corey,"Asperiores omnis qui repellat similique atque.
Consequatur praesentium unde ipsa ut.
Voluptatem odit magnam quo nemo.
Mollitia consequatur dignissimos dolore repudiandae.
Repellendus provident hic voluptatem eius et assumenda.
Possimus fuga veniam.
Quia at et accusantium in ipsum explicabo.
Earum en",https://vimeo.com/247063337,https://uploads-ssl.webflow.com/5dea5a47bb83ab492b02cf7a/5e0ba43ceae07e608e801d7f_image%2012.jpg,247063337,,true,videos,lydafire,http://lydafire.webflow.io/work/lyda-fire-corey,,https://uploads-ssl.webflow.com/5dea5a47bb83ab492b02cf7a/5e17060584798020b7d3a8ee_giphy1.gif
Lyda Fire - Office Fight,lyda-fire-office-fight,5e1f288e0a7ad11ca4995610,5e1f288e0a7ad11dc29956b4,Tue Dec 31 2019 19:54:37 GMT+0000 (Coordinated Universal Time),Thu Jan 16 2020 17:44:45 GMT+0000 (Coordinated Universal Time),Wed Jan 15 2020 15:01:12 GMT+0000 (Coordinated Universal Time),Lyda Fire,Office Fight,Minus reiciendis quia tempora totam nostrum dignissimos ne,https://vimeo.com/146461271,https://uploads-ssl.webflow.com/5dea5a47bb83ab492b02cf7a/5e0ba769ab8468400f629ebb_image%2022.jpg,146461271,,true,videos,lydafire,http://lydafire.webflow.io/work/lyda-fire-office-fight,,https://uploads-ssl.webflow.com/5dea5a47bb83ab492b02cf7a/5e17060584798020b7d3a8ee_giphy1.gif
Lyda Fire - RED Raven,lyda-fire-red-raven,5e1f288e0a7ad11ca4995610,5e1f288e0a7ad12a949956a3,Tue Dec 31 2019 19:30:45 GMT+0000 (Coordinated Universal Time),Thu Jan 16 2020 17:59:39 GMT+0000 (Coordinated Universal Time),Wed Jan 15 2020 15:01:12 GMT+0000 (Coordinated Universal Time),Lyda Fire,RED Raven,"Asperiores omnis qui repellat similique atque.
Consequatur praesentium unde ipsa ut.
Voluptatem odit magnam quo nemo.
Mollitia consequatur dignissimos dolore repudiandae.
Repellendus provident hic voluptatem eius et assumenda.
Possimus fuga veniam.
Quia at et accusantium in ipsum explicabo.
Earum en",https://vimeo.com/247058461,https://uploads-ssl.webflow.com/5dea5a47bb83ab492b02cf7a/5e0ba39a152007e2246eb34c_image%204.jpg,247058461,,true,videos,lydafire,http://lydafire.webflow.io/work/lyda-fire-red-raven,,https://uploads-ssl.webflow.com/5dea5a47bb83ab492b02cf7a/5e17060584798020b7d3a8ee_giphy1.gif
Lyda Fire - REEL - Inspired by People,lyda-fire-reel-inspired-by-people,5e1f288e0a7ad11ca4995610,5e1f288e0a7ad17dc39956a5,Tue Dec 31 2019 19:31:52 GMT+0000 (Coordinated Universal Time),Thu Jan 16 2020 17:59:16 GMT+0000 (Coordinated Universal Time),Wed Jan 15 2020 15:01:12 GMT+0000 (Coordinated Universal Time),Lyda Fire,REEL - Inspired by People,"Asperiores omnis qui repellat similique atque.
Consequatur praesentium unde ipsa ut.
Voluptatem odit magnam quo nemo.
Mollitia consequatur dignissimos dolore repudiandae.
Repellendus provident hic voluptatem eius et assumenda.
Possimus fuga veniam.
Quia at et accusantium in ipsum explicabo.
Earum en",https://vimeo.com/219934928,https://uploads-ssl.webflow.com/5dea5a47bb83ab492b02cf7a/5e0ba3b61520070d9c6eb568_image%206.jpg,219934928,,true,videos,lydafire,http://lydafire.webflow.io/work/lyda-fire-reel-inspired-by-people,,https://uploads-ssl.webflow.com/5dea5a47bb83ab492b02cf7a/5e17060584798020b7d3a8ee_giphy1.gif
Lyda Fire - TWEAK - Paintball in the Springtime,lyda-fire-tweak-paintball-in-the-springtime,5e1f288e0a7ad11ca4995610,5e1f288e0a7ad15b609956a8,Tue Dec 31 2019 19:33:43 GMT+0000 (Coordinated Universal Time),Thu Jan 16 2020 17:58:54 GMT+0000 (Coordinated Universal Time),Wed Jan 15 2020 15:01:12 GMT+0000 (Coordinated Universal Time),Lyda Fire,TWEAK - Paintball in the Springtime,"Asperiores omnis qui repellat similique atque.
Consequatur praesentium unde ipsa ut.
Voluptatem odit magnam quo nemo.
Mollitia consequatur dignissimos dolore repudiandae.
Repellendus provident hic voluptatem eius et assumenda.
Possimus fuga veniam.
Quia at et accusantium in ipsum explicabo.
Earum en",https://vimeo.com/219932315,https://uploads-ssl.webflow.com/5dea5a47bb83ab492b02cf7a/5e0ba3a9152007ab396eb39e_thumb1.jpg,219932315,,true,videos,lydafire,http://lydafire.webflow.io/work/lyda-fire-tweak-paintball-in-the-springtime,,https://uploads-ssl.webflow.com/5dea5a47bb83ab492b02cf7a/5e17060584798020b7d3a8ee_giphy1.gif
Lyda Fire - TWEAK - Restore the National Park,lyda-fire-tweak-restore-the-national-park,5e1f288e0a7ad11ca4995610,5e1f288e0a7ad1dc599956a6,Tue Dec 31 2019 19:32:33 GMT+0000 (Coordinated Universal Time),Thu Jan 16 2020 17:59:08 GMT+0000 (Coordinated Universal Time),Wed Jan 15 2020 15:01:12 GMT+0000 (Coordinated Universal Time),Lyda Fire,TWEAK - Restore the National Park,"Asperiores omnis qui repellat similique atque.
Consequatur praesentium unde ipsa ut.
Voluptatem odit magnam quo nemo.
Mollitia consequatur dignissimos dolore repudiandae.
Repellendus provident hic voluptatem eius et assumenda.
Possimus fuga veniam.
Quia at et accusantium in ipsum explicabo.
Earum en",https://vimeo.com/219933017,https://uploads-ssl.webflow.com/5dea5a47bb83ab492b02cf7a/5e0ba37d743608608df23238_image%202.jpg,219933017,,true,videos,lydafire,http://lydafire.webflow.io/work/lyda-fire-tweak-restore-the-national-park,,https://uploads-ssl.webflow.com/5dea5a47bb83ab492b02cf7a/5e17060584798020b7d3a8ee_giphy1.gif
Lyda Fire - TWEAK - Roadie “Cleaning the Party”,lyda-fire-tweak-roadie-cleaning-the-party,5e1f288e0a7ad11ca4995610,5e1f288e0a7ad1b2aa99569e,Tue Dec 31 2019 19:24:14 GMT+0000 (Coordinated Universal Time),Thu Jan 16 2020 18:01:41 GMT+0000 (Coordinated Universal Time),Wed Jan 15 2020 15:01:12 GMT+0000 (Coordinated Universal Time),Lyda Fire,TWEAK - Roadie “Cleaning the Party”,"Asperiores omnis qui repellat similique atque.
Consequatur praesentium unde ipsa ut.
Voluptatem odit magnam quo nemo.
Mollitia consequatur dignissimos dolore repudiandae.
Repellendus provident hic voluptatem eius et assumenda.
Possimus fuga veniam.
Quia at et accusantium in ipsum explicabo.
Earum en",https://vimeo.com/247066218,https://uploads-ssl.webflow.com/5dea5a47bb83ab492b02cf7a/5e0ba4a9743608aba0f23650_image%207.jpg,247066218,,true,videos,lydafire,http://lydafire.webflow.io/work/lyda-fire-tweak-roadie-cleaning-the-party,,https://uploads-ssl.webflow.com/5dea5a47bb83ab492b02cf7a/5e17060584798020b7d3a8ee_giphy1.gif
Lyda Fire - White Paper - View Glass,lyda-fire-white-paper-view-glass,5e1f288e0a7ad11ca4995610,5e1f288e0a7ad162199956a1,Tue Dec 31 2019 19:29:42 GMT+0000 (Coordinated Universal Time),Thu Jan 16 2020 18:00:59 GMT+0000 (Coordinated Universal Time),Wed Jan 15 2020 15:01:12 GMT+0000 (Coordinated Universal Time),Lyda Fire ,White Paper - View Glass,"Asperiores omnis qui repellat similique atque.
Consequatur praesentium unde ipsa ut.
Voluptatem odit magnam quo nemo.
Mollitia consequatur dignissimos dolore repudiandae.
Repellendus provident hic voluptatem eius et assumenda.
Possimus fuga veniam.
Quia at et accusantium in ipsum explicabo.
Earum en",https://vimeo.com/247063849,https://uploads-ssl.webflow.com/5dea5a47bb83ab492b02cf7a/5e0ba457152007494b6eb710_image%2011.jpg,247063849,,false,videos,lydafire,http://lydafire.webflow.io/work/lyda-fire-white-paper-view-glass,,https://uploads-ssl.webflow.com/5dea5a47bb83ab492b02cf7a/5e1b6547e402b613c684f2ee_LF-Teaser-Lyda-View-Whitepaper-01.gif
Fortress Walls - Retaining Walls,my-rewards-tree-meet-jen,5e1f288e0a7ad11ca4995610,5e1f288e0a7ad1adca9956c8,Tue Dec 31 2019 20:16:12 GMT+0000 (Coordinated Universal Time),Thu Jan 16 2020 17:39:27 GMT+0000 (Coordinated Universal Time),Wed Jan 15 2020 15:01:12 GMT+0000 (Coordinated Universal Time),Fortress Walls,Retaining Walls,Minus reiciendis quia tempora totam nostrum dignissimos ne,https://vimeo.com/82155356,https://uploads-ssl.webflow.com/5dea5a47bb83ab492b02cf7a/5e0ba64beae07eaacc802553_image%2018.jpg,82155356,,false,presentations,fortress-walls,http://lydafire.webflow.io/work/my-rewards-tree-meet-jen,,https://uploads-ssl.webflow.com/5dea5a47bb83ab492b02cf7a/5e17060584798020b7d3a8ee_giphy1.gif
New Client,new-client,5e1f288e0a7ad11ca4995610,5e2f51dd9cd391428b519590,Mon Jan 27 2020 21:10:53 GMT+0000 (Coordinated Universal Time),Mon Jan 27 2020 21:11:39 GMT+0000 (Coordinated Universal Time),Mon Jan 27 2020 21:11:54 GMT+0000 (Coordinated Universal Time),New Client,Testy,"Asperiores omnis qui repellat similique atque.
Consequatur praesentium unde ipsa ut.
Voluptatem odit magnam quo nemo.
Mollitia consequatur dignissimos dolore repudiandae.
Repellendus provident hic voluptatem eius et assumenda.
Possimus fuga veniam.
Quia at et accusantium in ipsum explicabo.
Earum en",https://vimeo.com/310222844,https://uploads-ssl.webflow.com/5dea5a47bb83ab492b02cf7a/5e209fb857d90e3a80dd769b_LF-Teaser-DecaturCorpCulture-01.jpg,310222844,,true,presentations,chooseatl,http://lydafire.webflow.io/work/city-of-decatur-public-works,,https://uploads-ssl.webflow.com/5dea5a47bb83ab492b02cf7a/5e1b64a6a7d3a2aca637274a_LF-Teaser-DecaturCorpCulture-01.gif
Park N’ Fly - Airport Parking 101,park-n-fly-airport-parking-101,5e1f288e0a7ad11ca4995610,5e1f288e0a7ad1327d9956c4,Tue Dec 31 2019 20:11:02 GMT+0000 (Coordinated Universal Time),Mon Jan 06 2020 20:25:15 GMT+0000 (Coordinated Universal Time),Fri Jan 03 2020 14:43:07 GMT+0000 (Coordinated Universal Time),,,Minus reiciendis quia tempora totam nostrum dignissimos ne,https://vimeo.com/82310852,https://uploads-ssl.webflow.com/5dea5a47bb83ab492b02cf7a/5e0ba5157436084b3ef23a8c_image%2013.jpg,82310852,,false,videos,,,,
PayPal - Government Payments,paypal-government-payments,5e1f288e0a7ad11ca4995610,5e1f288e0a7ad105139956a4,Tue Dec 31 2019 19:31:25 GMT+0000 (Coordinated Universal Time),Thu Jan 16 2020 17:59:31 GMT+0000 (Coordinated Universal Time),Thu Jan 16 2020 18:04:48 GMT+0000 (Coordinated Universal Time),PayPal,Government Payments,"Asperiores omnis qui repellat similique atque.
Consequatur praesentium unde ipsa ut.
Voluptatem odit magnam quo nemo.
Mollitia consequatur dignissimos dolore repudiandae.
Repellendus provident hic voluptatem eius et assumenda.
Possimus fuga veniam.
Quia at et accusantium in ipsum explicabo.
Earum en",https://vimeo.com/220073848,https://uploads-ssl.webflow.com/5dea5a47bb83ab492b02cf7a/5e20a4820cb6ee2c322ca922_LF-Teaser-PayPal-GovPmts-01.jpg,220073848,,true,videos,paypal,http://lydafire.webflow.io/work/paypal-government-payments,,https://uploads-ssl.webflow.com/5dea5a47bb83ab492b02cf7a/5e1b655ddb4d52330ffb9a00_LF-Teaser-PayPal-GovPmts-01.gif
PayPal - Product Roadshow,paypal-product-roadshow,5e1f288e0a7ad11ca4995610,5e1f288e0a7ad11f1b9956c2,Tue Dec 31 2019 20:10:01 GMT+0000 (Coordinated Universal Time),Thu Jan 16 2020 17:40:52 GMT+0000 (Coordinated Universal Time),Wed Jan 15 2020 15:01:12 GMT+0000 (Coordinated Universal Time),PayPal,Product Roadshow,Minus reiciendis quia tempora totam nostrum dignissimos ne,https://vimeo.com/101963991,https://uploads-ssl.webflow.com/5dea5a47bb83ab492b02cf7a/5e0ba457152007494b6eb710_image%2011.jpg,101963991,,false,videos,paypal,http://lydafire.webflow.io/work/paypal-product-roadshow,,https://uploads-ssl.webflow.com/5dea5a47bb83ab492b02cf7a/5e17060584798020b7d3a8ee_giphy1.gif
PayPal - The Camping Trip,paypal-the-camping-trip,5e1f288e0a7ad11ca4995610,5e1f288e0a7ad151659956c0,Tue Dec 31 2019 20:08:41 GMT+0000 (Coordinated Universal Time),Thu Jan 16 2020 17:41:01 GMT+0000 (Coordinated Universal Time),Wed Jan 15 2020 15:01:12 GMT+0000 (Coordinated Universal Time),PayPal,The Camping Trip,Minus reiciendis quia tempora totam nostrum dignissimos ne,https://vimeo.com/116592704,https://uploads-ssl.webflow.com/5dea5a47bb83ab492b02cf7a/5e0ba48d3f3d950097a09b8d_image%208.jpg,116592704,,false,videos,paypal,http://lydafire.webflow.io/work/paypal-the-camping-trip,,https://uploads-ssl.webflow.com/5dea5a47bb83ab492b02cf7a/5e17060584798020b7d3a8ee_giphy1.gif
Plizy - Hooked,plizy-hooked,5e1f288e0a7ad11ca4995610,5e1f288e0a7ad144169956c7,Tue Dec 31 2019 20:14:48 GMT+0000 (Coordinated Universal Time),Mon Jan 06 2020 20:24:38 GMT+0000 (Coordinated Universal Time),Fri Jan 03 2020 14:43:07 GMT+0000 (Coordinated Universal Time),,,Minus reiciendis quia tempora totam nostrum dignissimos ne,https://vimeo.com/82157665,https://uploads-ssl.webflow.com/5dea5a47bb83ab492b02cf7a/5e0ba57feae07eb10e802302_image%2015.jpg,82157665,,false,videos,,,,
RingCentral - Everything Cool?,ringcentral-everything-cool,5e1f288e0a7ad11ca4995610,5e1f288e0a7ad16e5b9956b1,Tue Dec 31 2019 19:51:06 GMT+0000 (Coordinated Universal Time),Thu Jan 16 2020 17:45:38 GMT+0000 (Coordinated Universal Time),Wed Jan 15 2020 15:01:12 GMT+0000 (Coordinated Universal Time),RingCentral ,Everything Cool?,Minus reiciendis quia tempora totam nostrum dignissimos ne,https://vimeo.com/146463244,https://uploads-ssl.webflow.com/5dea5a47bb83ab492b02cf7a/5e0ba6a4ab84684442629b7e_image%2020.jpg,146463244,,false,videos,ringcentral,http://lydafire.webflow.io/work/ringcentral-everything-cool,,https://uploads-ssl.webflow.com/5dea5a47bb83ab492b02cf7a/5e17060584798020b7d3a8ee_giphy1.gif
RingCentral - The Offer,ringcentral-the-offer,5e1f288e0a7ad11ca4995610,5e1f288e0a7ad14acd9956ac,Tue Dec 31 2019 19:46:57 GMT+0000 (Coordinated Universal Time),Thu Jan 16 2020 17:57:35 GMT+0000 (Coordinated Universal Time),Wed Jan 15 2020 15:01:12 GMT+0000 (Coordinated Universal Time),RingCentral,The Offer,Minus reiciendis quia tempora totam nostrum dignissimos ne,https://vimeo.com/153286675,https://uploads-ssl.webflow.com/5dea5a47bb83ab492b02cf7a/5df75c97fbd926b83866edc5_1576492182536-image13.jpg,153286675,,false,videos,ringcentral,http://lydafire.webflow.io/work/ringcentral-the-offer,,https://uploads-ssl.webflow.com/5dea5a47bb83ab492b02cf7a/5e17060584798020b7d3a8ee_giphy1.gif
Roadie - Deliver it Forward with Ludacris,roadie-deliver-it-forward-with-ludacris,5e1f288e0a7ad11ca4995610,5e1f288e0a7ad195f19956ae,Tue Dec 31 2019 19:48:35 GMT+0000 (Coordinated Universal Time),Thu Jan 16 2020 17:46:19 GMT+0000 (Coordinated Universal Time),Wed Jan 15 2020 15:01:12 GMT+0000 (Coordinated Universal Time),Roadie,Deliver it Forward with Ludacris,Minus reiciendis quia tempora totam nostrum dignissimos ne,https://vimeo.com/153212375,https://uploads-ssl.webflow.com/5dea5a47bb83ab492b02cf7a/5e0ba6103f3d95f815a0a333_image%2017.jpg,153212375,,false,videos,roadie,http://lydafire.webflow.io/work/roadie-deliver-it-forward-with-ludacris,,https://uploads-ssl.webflow.com/5dea5a47bb83ab492b02cf7a/5e17060584798020b7d3a8ee_giphy1.gif
Roadie - Predictive Delivery,roadie-predictive-delivery,5e1f288e0a7ad11ca4995610,5e1f288e0a7ad1ba439956be,Tue Dec 31 2019 20:07:27 GMT+0000 (Coordinated Universal Time),Thu Jan 16 2020 17:41:38 GMT+0000 (Coordinated Universal Time),Wed Jan 15 2020 15:01:12 GMT+0000 (Coordinated Universal Time),Roadie,Predictive Delivery,Minus reiciendis quia tempora totam nostrum dignissimos ne,https://vimeo.com/123795016,https://uploads-ssl.webflow.com/5dea5a47bb83ab492b02cf7a/5e0ba3b61520070d9c6eb568_image%206.jpg,123795016,,false,videos,roadie,http://lydafire.webflow.io/work/roadie-predictive-delivery,,https://uploads-ssl.webflow.com/5dea5a47bb83ab492b02cf7a/5e17060584798020b7d3a8ee_giphy1.gif
Roadie - The Big Chandelier,roadie-the-big-chandelier,5e1f288e0a7ad11ca4995610,5e1f288e0a7ad103f29956b6,Tue Dec 31 2019 19:57:45 GMT+0000 (Coordinated Universal Time),Thu Jan 16 2020 17:44:03 GMT+0000 (Coordinated Universal Time),Wed Jan 15 2020 15:01:12 GMT+0000 (Coordinated Universal Time),Roadie,The Big Chandelier,"Amet sed voluptate delectus sed.
Rerum sed perferendis.
Sed corrupti aut sunt adipisci ex illum.
Excepturi ut et sit molestiae rerum et.
Quia labore repellat dolorem eveniet hic ut dolore dignissimos aut.
In molestias quod culpa vitae.
Est illo iusto eum.
Amet qui reiciendis ipsum omnis ad",https://vimeo.com/135520333,https://uploads-ssl.webflow.com/5dea5a47bb83ab492b02cf7a/5e0ba853ab8468f62f62a639_image%2024.jpg,135520333,,false,videos,roadie,http://lydafire.webflow.io/work/roadie-the-big-chandelier,,https://uploads-ssl.webflow.com/5dea5a47bb83ab492b02cf7a/5e17060584798020b7d3a8ee_giphy1.gif
Roadie - The Squirrel,roadie-the-squirrel,5e1f288e0a7ad11ca4995610,5e1f288e0a7ad11f1d9956b0,Tue Dec 31 2019 19:50:09 GMT+0000 (Coordinated Universal Time),Thu Jan 16 2020 17:45:51 GMT+0000 (Coordinated Universal Time),Thu Jan 16 2020 18:04:48 GMT+0000 (Coordinated Universal Time),Roadie,The Squirrel,Minus reiciendis quia tempora totam nostrum dignissimos ne,https://vimeo.com/146467182,https://uploads-ssl.webflow.com/5dea5a47bb83ab492b02cf7a/5e20a14ef53061281633ef8b_LF-Teaser-RoadieSquirrel-01.jpg,146467182,,false,videos,roadie,http://lydafire.webflow.io/work/roadie-the-squirrel,,https://uploads-ssl.webflow.com/5dea5a47bb83ab492b02cf7a/5e1b657d19c05c3f01957fa8_LF-Teaser-RoadieSquirrel-01.gif
Stable Kernel - Built on the Beltline,stable-kernel-built-on-the-beltline,5e1f288e0a7ad11ca4995610,5e1f288e0a7ad164ed995632,Tue Dec 31 2019 15:08:37 GMT+0000 (Coordinated Universal Time),Thu Jan 16 2020 18:03:32 GMT+0000 (Coordinated Universal Time),Thu Jan 16 2020 18:04:48 GMT+0000 (Coordinated Universal Time),Stable Kernel,Built on the Beltline,Minus reiciendis quia tempora totam nostrum dignissimos ne,https://vimeo.com/247568241,https://uploads-ssl.webflow.com/5dea5a47bb83ab492b02cf7a/5e20a57248539ba25c884e06_LF-Teaser-StableKernel-01.jpg,247568241,cjKweUcgspwBi7sbdE,false,videos,stable-kernal,http://lydafire.webflow.io/work/stable-kernel-built-on-the-beltline,,https://uploads-ssl.webflow.com/5dea5a47bb83ab492b02cf7a/5e1b6597693459b16aaf7eb0_LF-Teaser-StableKernel-01.gif
The Medical Memory,the-medical-memory,5e1f288e0a7ad11ca4995610,5e1f288e0a7ad158819956c1,Tue Dec 31 2019 20:09:26 GMT+0000 (Coordinated Universal Time),Mon Jan 06 2020 20:25:37 GMT+0000 (Coordinated Universal Time),Fri Jan 03 2020 14:43:07 GMT+0000 (Coordinated Universal Time),,,Minus reiciendis quia tempora totam nostrum dignissimos ne,https://vimeo.com/104457346,https://uploads-ssl.webflow.com/5dea5a47bb83ab492b02cf7a/5e0ba466152007a1b76eb71f_image%209.jpg,104457346,,false,videos,,,,
View - A More Intelligent Window,view-a-more-intelligent-window,5e1f288e0a7ad11ca4995610,5e1f288e0a7ad15cb59956bc,Tue Dec 31 2019 20:04:45 GMT+0000 (Coordinated Universal Time),Thu Jan 16 2020 18:10:29 GMT+0000 (Coordinated Universal Time),Thu Jan 16 2020 18:10:35 GMT+0000 (Coordinated Universal Time),View,A More Intelligent Window,Minus reiciendis quia tempora totam nostrum dignissimos ne,https://vimeo.com/123890334,https://uploads-ssl.webflow.com/5dea5a47bb83ab492b02cf7a/5e20a094ef29bcca56fb748a_LF-Teaser-View5050-01.jpg,123890334,,false,videos,view,http://lydafire.webflow.io/work/view-a-more-intelligent-window,,https://uploads-ssl.webflow.com/5dea5a47bb83ab492b02cf7a/5e20a7135ad86c526f1e6170_LF-Teaser-View5050-01.gif
View - CenturyLink,view-centurylink,5e1f288e0a7ad11ca4995610,5e1f288e0a7ad107339956ab,Tue Dec 31 2019 19:46:09 GMT+0000 (Coordinated Universal Time),Thu Jan 16 2020 17:57:51 GMT+0000 (Coordinated Universal Time),Thu Jan 16 2020 18:04:48 GMT+0000 (Coordinated Universal Time),View,CenturyLink,Minus reiciendis quia tempora totam nostrum dignissimos ne,https://vimeo.com/153427286,https://uploads-ssl.webflow.com/5dea5a47bb83ab492b02cf7a/5e20a41ef530616809340ee6_LF-Teaser-ViewCenturyLink-01.jpg,153427286,,false,videos,view,http://lydafire.webflow.io/work/view-centurylink,,https://uploads-ssl.webflow.com/5dea5a47bb83ab492b02cf7a/5e1b65d7a7d3a2b4cf37312d_LF-Teaser-ViewCenturyLink-01.gif
View - CIRI Fireweed,view-ciri-fireweed,5e1f288e0a7ad11ca4995610,5e1f288e0a7ad14df79956bf,Tue Dec 31 2019 20:08:04 GMT+0000 (Coordinated Universal Time),Thu Jan 16 2020 17:41:16 GMT+0000 (Coordinated Universal Time),Wed Jan 15 2020 15:01:12 GMT+0000 (Coordinated Universal Time),View,CIRI Fireweed,Minus reiciendis quia tempora totam nostrum dignissimos ne,https://vimeo.com/121906248,https://uploads-ssl.webflow.com/5dea5a47bb83ab492b02cf7a/5e0ba4a9743608aba0f23650_image%207.jpg,121906248,,false,videos,view,http://lydafire.webflow.io/work/view-ciri-fireweed,,https://uploads-ssl.webflow.com/5dea5a47bb83ab492b02cf7a/5e17060584798020b7d3a8ee_giphy1.gif
View - Clovis Medical Center,view-clovis-medical-center,5e1f288e0a7ad11ca4995610,5e1f288e0a7ad1024e9956b9,Tue Dec 31 2019 20:01:43 GMT+0000 (Coordinated Universal Time),Thu Jan 16 2020 17:43:44 GMT+0000 (Coordinated Universal Time),Wed Jan 15 2020 15:01:12 GMT+0000 (Coordinated Universal Time),View,Clovis Medical Center,Minus reiciendis quia tempora totam nostrum dignissimos ne,https://vimeo.com/123892212,https://uploads-ssl.webflow.com/5dea5a47bb83ab492b02cf7a/5e0ba92574360813eaf24f02_image%2025.jpg,123892212,,false,videos,view,http://lydafire.webflow.io/work/view-clovis-medical-center,,https://uploads-ssl.webflow.com/5dea5a47bb83ab492b02cf7a/5e17060584798020b7d3a8ee_giphy1.gif
View - CSU,view-csu,5e1f288e0a7ad11ca4995610,5e1f288e0a7ad1d1f79956b3,Tue Dec 31 2019 19:53:04 GMT+0000 (Coordinated Universal Time),Thu Jan 16 2020 17:45:00 GMT+0000 (Coordinated Universal Time),Thu Jan 16 2020 18:04:48 GMT+0000 (Coordinated Universal Time),View,CSU,Minus reiciendis quia tempora totam nostrum dignissimos ne,https://vimeo.com/146461570,https://uploads-ssl.webflow.com/5dea5a47bb83ab492b02cf7a/5e20a0f757d90eae6edd7efb_LF-Teaser-ViewCSU-01.jpg,146461570,,false,videos,view,http://lydafire.webflow.io/work/view-csu,,https://uploads-ssl.webflow.com/5dea5a47bb83ab492b02cf7a/5e1b65e74b6c081e377bca09_LF-Teaser-ViewCSU-01.gif
View - Denver Botanic Gardens,view-denver-botanic-gardens,5e1f288e0a7ad11ca4995610,5e1f288e0a7ad1485c9956ad,Tue Dec 31 2019 19:47:33 GMT+0000 (Coordinated Universal Time),Thu Jan 16 2020 17:46:43 GMT+0000 (Coordinated Universal Time),Wed Jan 15 2020 15:01:12 GMT+0000 (Coordinated Universal Time),View,Denver Botanic Gardens,Minus reiciendis quia tempora totam nostrum dignissimos ne,https://vimeo.com/153264387,https://uploads-ssl.webflow.com/5dea5a47bb83ab492b02cf7a/5e0ba5b03f3d9567e8a0a127_image%2016.jpg,153264387,,false,videos,view,http://lydafire.webflow.io/work/view-denver-botanic-gardens,,https://uploads-ssl.webflow.com/5dea5a47bb83ab492b02cf7a/5e17060584798020b7d3a8ee_giphy1.gif
View - DFW - Broadcast B-Roll,view-dfw-broadcast-b-roll,5e1f288e0a7ad11ca4995610,5e1f288e0a7ad11631995659,Tue Dec 31 2019 15:08:37 GMT+0000 (Coordinated Universal Time),Thu Jan 16 2020 18:02:54 GMT+0000 (Coordinated Universal Time),Thu Jan 16 2020 18:04:48 GMT+0000 (Coordinated Universal Time),View ,DFW - Broadcast B-Roll,"Minus qui corrupti reprehenderit molestiae quisquam explicabo earum mollitia voluptatem.
Quae debitis quo dolorem nemo.
Aut sit exercitationem odio possimus cum ratione autem ex.
Ea tempore aut magnam ab perferendis est eos modi.
Natus",https://vimeo.com/264155805,https://uploads-ssl.webflow.com/5dea5a47bb83ab492b02cf7a/5e20a54ceff69077c9661fd2_LF-Teaser-ViewDFW-01.jpg,264155805,,true,videos,view,http://lydafire.webflow.io/work/view-dfw-broadcast-b-roll,,https://uploads-ssl.webflow.com/5dea5a47bb83ab492b02cf7a/5e1b65fda7d3a214683731f3_LF-Teaser-ViewDFW-01.gif
View - Gilcrease Museum,view-dpr-construction,5e1f288e0a7ad11ca4995610,5e1f288e0a7ad173cc9956bd,Tue Dec 31 2019 20:05:25 GMT+0000 (Coordinated Universal Time),Thu Jan 16 2020 17:42:16 GMT+0000 (Coordinated Universal Time),Wed Jan 15 2020 15:01:12 GMT+0000 (Coordinated Universal Time),View,Gilcrease Museum,Minus reiciendis quia tempora totam nostrum dignissimos ne,https://vimeo.com/123885832,https://uploads-ssl.webflow.com/5dea5a47bb83ab492b02cf7a/5e0ba3b61520070d9c6eb568_image%206.jpg,123885832,,false,videos,view,http://lydafire.webflow.io/work/view-dpr-construction,,https://uploads-ssl.webflow.com/5dea5a47bb83ab492b02cf7a/5e17060584798020b7d3a8ee_giphy1.gif
View - Hilton Universal City,view-hilton-universal-city,5e1f288e0a7ad11ca4995610,5e1f288e0a7ad138fe9956bb,Tue Dec 31 2019 20:04:02 GMT+0000 (Coordinated Universal Time),Thu Jan 16 2020 17:43:06 GMT+0000 (Coordinated Universal Time),Wed Jan 15 2020 15:01:12 GMT+0000 (Coordinated Universal Time),View,Hilton Universal City,Minus reiciendis quia tempora totam nostrum dignissimos ne,https://vimeo.com/123890998,https://uploads-ssl.webflow.com/5dea5a47bb83ab492b02cf7a/5e0ba37d743608608df23238_image%202.jpg,123890998,,false,videos,view,http://lydafire.webflow.io/work/view-hilton-universal-city,,https://uploads-ssl.webflow.com/5dea5a47bb83ab492b02cf7a/5e17060584798020b7d3a8ee_giphy1.gif
View - it's Alive,view-its-alive,5e1f288e0a7ad11ca4995610,5e1f288e0a7ad121d99956c3,Tue Dec 31 2019 20:10:31 GMT+0000 (Coordinated Universal Time),Thu Jan 16 2020 17:40:20 GMT+0000 (Coordinated Universal Time),Thu Jan 09 2020 17:14:36 GMT+0000 (Coordinated Universal Time),View, It’s Alive,Minus reiciendis quia tempora totam nostrum dignissimos ne,https://vimeo.com/88815004,https://uploads-ssl.webflow.com/5dea5a47bb83ab492b02cf7a/5e0ba43ceae07e608e801d7f_image%2012.jpg,88815004,,false,videos,view,http://lydafire.webflow.io/work/view-its-alive,,https://uploads-ssl.webflow.com/5dea5a47bb83ab492b02cf7a/5e17060584798020b7d3a8ee_giphy1.gif
View - Levi’s Stadium,view-levis-stadium,5e1f288e0a7ad11ca4995610,5e1f288e0a7ad1d1299956aa,Tue Dec 31 2019 19:45:16 GMT+0000 (Coordinated Universal Time),Thu Jan 16 2020 17:58:12 GMT+0000 (Coordinated Universal Time),Thu Jan 16 2020 18:04:48 GMT+0000 (Coordinated Universal Time),View,Levi’s Stadium,Minus reiciendis quia tempora totam nostrum dignissimos ne,https://vimeo.com/169175807,https://uploads-ssl.webflow.com/5dea5a47bb83ab492b02cf7a/5e20a43357d90edceadd9ca6_LF-Teaser-ViewLevis-01.jpg,169175807,,false,videos,view,http://lydafire.webflow.io/work/view-levis-stadium,,https://uploads-ssl.webflow.com/5dea5a47bb83ab492b02cf7a/5e1b66166934598580af8171_LF-Teaser-ViewLevis-01.gif
View - Methodist Hospital,view-methodist-hospital,5e1f288e0a7ad11ca4995610,5e1f288e0a7ad115c09956ba,Tue Dec 31 2019 20:02:47 GMT+0000 (Coordinated Universal Time),Thu Jan 16 2020 18:04:34 GMT+0000 (Coordinated Universal Time),Wed Jan 15 2020 15:01:12 GMT+0000 (Coordinated Universal Time),View,Methodist Hospital,Minus reiciendis quia tempora totam nostrum dignissimos ne,https://vimeo.com/123891975,https://uploads-ssl.webflow.com/5dea5a47bb83ab492b02cf7a/5e0ba987152007704e6ecd50_image%2001.jpg,123891975,,false,videos,view,http://lydafire.webflow.io/work/view-methodist-hospital,,https://uploads-ssl.webflow.com/5dea5a47bb83ab492b02cf7a/5e17060584798020b7d3a8ee_giphy1.gif
View - Overstock,view-overstock,5e1f288e0a7ad11ca4995610,5e1f288e0a7ad19b989956a9,Tue Dec 31 2019 19:44:22 GMT+0000 (Coordinated Universal Time),Thu Jan 16 2020 17:58:31 GMT+0000 (Coordinated Universal Time),Thu Jan 16 2020 18:04:48 GMT+0000 (Coordinated Universal Time),View,Overstock,"Deserunt veniam dolorem.
Provident facilis ab doloremque voluptates dolorum eum dolorem sit.
Dolor ea esse voluptate.
Quam corporis possimus est e",https://vimeo.com/201041603,https://uploads-ssl.webflow.com/5dea5a47bb83ab492b02cf7a/5e20a442ee92ddd2909b2888_LF-Teaser-ViewOverstock-01.jpg,201041603,,true,videos,view,http://lydafire.webflow.io/work/view-overstock,,https://uploads-ssl.webflow.com/5dea5a47bb83ab492b02cf7a/5e1b66294b6c083df17bca7b_LF-Teaser-ViewOverstock-01.gif
View - Project Highlights,view-project-highlights,5e1f288e0a7ad11ca4995610,5e1f288e0a7ad166cd9956b5,Tue Dec 31 2019 19:55:52 GMT+0000 (Coordinated Universal Time),Thu Jan 16 2020 18:07:08 GMT+0000 (Coordinated Universal Time),Thu Jan 16 2020 18:04:48 GMT+0000 (Coordinated Universal Time),View,Project Highlights,Minus reiciendis quia tempora totam nostrum dignissimos ne,https://vimeo.com/137995043,https://uploads-ssl.webflow.com/5dea5a47bb83ab492b02cf7a/5e20a0f757d90eae6edd7efb_LF-Teaser-ViewCSU-01.jpg,137995043,,false,videos,view,http://lydafire.webflow.io/work/view-project-highlights,,https://uploads-ssl.webflow.com/5dea5a47bb83ab492b02cf7a/5e17060584798020b7d3a8ee_giphy1.gif
View - Steamboat Christian Center,view-steamboat-christian-center,5e1f288e0a7ad11ca4995610,5e1f288e0a7ad176f69956b2,Tue Dec 31 2019 19:51:45 GMT+0000 (Coordinated Universal Time),Thu Jan 16 2020 18:06:09 GMT+0000 (Coordinated Universal Time),Thu Jan 16 2020 18:06:14 GMT+0000 (Coordinated Universal Time),View,Steamboat Christian Center,Minus reiciendis quia tempora totam nostrum dignissimos ne,https://vimeo.com/146462393,https://uploads-ssl.webflow.com/5dea5a47bb83ab492b02cf7a/5e20a599f530613d94341596_LF-Teaser-ViewSteamboat-01.jpg,146462393,,false,videos,view,http://lydafire.webflow.io/work/view-steamboat-christian-center,,https://uploads-ssl.webflow.com/5dea5a47bb83ab492b02cf7a/5e1b663b4b6c0892f27bcabc_LF-Teaser-ViewSteamboat-01.gif
View - With & Without,view-with-without,5e1f288e0a7ad11ca4995610,5e1f288e0a7ad121d19956b7,Tue Dec 31 2019 20:00:30 GMT+0000 (Coordinated Universal Time),Thu Jan 16 2020 17:43:52 GMT+0000 (Coordinated Universal Time),Wed Jan 15 2020 15:01:12 GMT+0000 (Coordinated Universal Time),View,With & Without,"Amet sed voluptate delectus sed.
Rerum sed perferendis.
Sed corrupti aut sunt adipisci ex illum.
Excepturi ut et sit molestiae rerum et.
Quia labore repellat dolorem eveniet hic ut dolore dignissimos aut.
In molestias quod culpa vitae.
Est illo iusto eum.
Amet qui reiciendis ipsum omnis ad",https://vimeo.com/124004397,https://uploads-ssl.webflow.com/5dea5a47bb83ab492b02cf7a/5e0ba8d71520074f166ecb66_image%20234.jpg,124004397,,false,videos,view,http://lydafire.webflow.io/work/view-with-without,,https://uploads-ssl.webflow.com/5dea5a47bb83ab492b02cf7a/5e17060584798020b7d3a8ee_giphy1.gif
Yahoo! - APM Program,yahoo-apm-program,5e1f288e0a7ad11ca4995610,5e1f288e0a7ad1196f9956af,Tue Dec 31 2019 19:49:33 GMT+0000 (Coordinated Universal Time),Thu Jan 16 2020 17:46:01 GMT+0000 (Coordinated Universal Time),Wed Jan 15 2020 15:01:12 GMT+0000 (Coordinated Universal Time),Yahoo!,APM Program,Minus reiciendis quia tempora totam nostrum dignissimos ne,https://vimeo.com/153061990,https://uploads-ssl.webflow.com/5dea5a47bb83ab492b02cf7a/5e0ba64beae07eaacc802553_image%2018.jpg,153061990,,false,videos,yahoo,http://lydafire.webflow.io/work/yahoo-apm-program,,https://uploads-ssl.webflow.com/5dea5a47bb83ab492b02cf7a/5e17060584798020b7d3a8ee_giphy1.gif
Zong One platform. Any device.,zong-one-platform-any-device,5e1f288e0a7ad11ca4995610,5e1f288e0a7ad1c2879956c6,Tue Dec 31 2019 20:13:28 GMT+0000 (Coordinated Universal Time),Thu Jan 16 2020 17:39:42 GMT+0000 (Coordinated Universal Time),Wed Jan 15 2020 15:01:12 GMT+0000 (Coordinated Universal Time),Zong,One platform. Any device.,Minus reiciendis quia tempora totam nostrum dignissimos ne,https://vimeo.com/82158152,https://uploads-ssl.webflow.com/5dea5a47bb83ab492b02cf7a/5e0ba57feae07eb10e802302_image%2015.jpg,82158152,,false,videos,zong,http://lydafire.webflow.io/work/zong-one-platform-any-device,,https://uploads-ssl.webflow.com/5dea5a47bb83ab492b02cf7a/5e17060584798020b7d3a8ee_giphy1.gif
